Cluster,Facility Id,Name,Our total inv left,Competitor total Inv left,Time period
Kent St.,61068,191 Kent St. - Spot #1,,125,10 am to 10 pm
Kent St.,51696,191 Kent St. - Spots #64 or #65,,125,
Kent St.,45924,197 Kent St. - Spot #30 Only,,125,
Kent St.,45925,205 Kent St - Spot #64,,125,
Kent St.,108986,41 Brook St. - Whole Tandem Row,,3,
Kent St.,34702,9 Francis St - Full Size SUV,,125,
Kent St.,24447,9 Francis St. - Parallel Spots 2 or 3,,125,
Kent St.,122615,179 Kent St. - Spot #46 Only,,125,
Kent St.,51895,"169 Kent St. - Spots #32, #33 or #36 Only",,125,
Harris St.,85662,12 Harris St. - Lot,,1110,
Harris St.,44931,"4 Harvard Pl - Parallel Parking - Spots #1, 2, or 3 Only",,1054,
Harris St.,97204,122 Park St. - Spot #1 or #3 Only,,,
Harris St.,97668,"11 Stearns Rd. - Spots #3, 7, 9, 10 or #11 Only",,,
Gainsborough,44603,14 Public Alley 810 (Left Side Only) - 14 Symphony Rd - Parking Spot - Alley Entrance,,,
Gainsborough,74103,17 Symphony Rd - Spot #2,,125,
Gainsborough,24506,"23 Symphony Rd. - Spots 1, 2, or 3 - Alley Entrance",,125,
Gainsborough,115122,26 Public Alley 810 (26 Symphony Rd.) - Left or Right Spot Only,,,
Gainsborough,44635,28 Public Alley 810 - (28 Symphony Rd) - middle spot,,125,
Gainsborough,90112,28 Public Alley 810 (28 Symphony Rd.) - Spot #3 Only,,,
Gainsborough,115584,45-47 Symphony Rd. (60 Public Alley 818) - Spot #9 Only,,,
Gainsborough,110208,"67 Symphony Rd. - Spot #2, 4 or 6 Only",,125,
Gainsborough,64303,76 Gainsborough St. - Spot #43,,125,
Gainsborough,67207,76 Gainsborough St. - Spot #47,,125,
Gainsborough,24505,76 Gainsborough St. - Spot #48,,125,
Gainsborough,112021,76 Gainsborough St. - Spot #49 Only,,125,
Gainsborough,43119,76 Gainsborough St. - Spot #53,,125,
Gainsborough,111394,76 Gainsborough St. - Spot #54 Only,,125,
Gainsborough,20417,76 Gainsborough St. - Spot #57,,125,
Gainsborough,109778,76 Gainsborough St. - Spot #62 Only,,125,
Gainsborough,24737,76 Gainsborough St. - Spot #85,,125,
Gainsborough,109779,76 Gainsborough St. - Spots #28 #29 #30 or #31 Only,,125,
Gainsborough,19942,"76 Gainsborough St. - Spots #32, 33, 34, or 35",,125,
Gainsborough,20181,"76 Gainsborough St. - Spots #9,10,11,12",,125,
Gainsborough,110008,50 St. Stephen St. - Right Covered Spot Only,,125,
Gainsborough,26225,56 St Stephen St. - Compact Only Spots,,125,
Gainsborough,46285,76-78 St. Stephen St. - Whole Tandem Row - Spot #5,,125,
Gainsborough,24413,76-78 St. Stephen St. - Whole Tandem Rows - Spot #1-4,,125,
Gainsborough,85658,86 Saint Stephen St. - Left Whole Tandem Spot,,125,
Gainsborough,29062,80 Fenway - Angle Parking,,125,
Gainsborough,49089,84 Fenway - Alley Spots,,125,
Gainsborough,81792,84 Fenway - Spot #5 only,,125,
Concord Ave,110700,14 Concord Ave. - Spot #3 Only,,1054,
Concord Ave,108530,29 Concord Ave. - Spot #21 Only,,1054,
Concord Ave,74830,33 Concord Ave. - Spot # 17 or 18,,1054,
Concord Ave,60937,"33 Concord Ave. - Spot #13, 14 or 15 Only",,1054,
Concord Ave,60969,33 Concord Ave. - Spot #16,,1054,
Concord Ave,26684,"33 Concord Ave. - Spots #10, 11 or 12 Only",,1054,
East Street,19952,"239 E St. - Spot #1, 2 or 3 only",,773,
East Street,95982,236 Bowen St. (78 F St.) - Spot #1 Only,,,
East Street,95950,236 Bowen St. (78 F St.) - Spot #2,,,
East Street,82287,178 W 8th St. - Left or Right Garage Spot,,1110,
Saint Botolph Street,98559,111 Saint Botolph St. - Left Spot Only,1,125,
Saint Botolph Street,69648,175 Saint Botolph St. - Left Spot Only,1,125,
Saint Botolph Street,62388,179 St Botolph St. - Right Whole Tandem Spot,1,125,
Saint Botolph Street,26789,183 Saint Botolph St. - Spot #1 or 2,2,125,
Saint Botolph Street,98888,83 St Botolph St. (83 Public Alley 402) - Left Spot Only,1,,
Saint Botolph Street,87276,85 St Botolph St. - Left Whole Tandem Spot,1,125,
Saint Botolph Street,55394,2 Claremont St - Right Spot,1,125,
Saint Botolph Street,55396,3 Claremont St - Left Fence Spot,1,125,
Saint Botolph Street,95988,19 Cumberland St. - Right or Left Whole Tandem Spots Only,2,125,
Saint Botolph Street,45822,7 Follen St - Parking Spot P11,1,125,
Saint Botolph Street,90386,15 Follen St. - Spot #14 Only,1,125,
Saint Botolph Street,107039,234 W Canton St. - Right Spot Only,1,125,
Orleans Street,19949,114 Orleans St. - Lot,,676,
Orleans Street,89057,231 Maverick St. - Garage Spot,,676,
Orleans Street,81099,1 Emmet Pl. - Left Spot Only,,676,
Orleans Street,83446,165 Gove St. - Full Size SUV Driveway Spot,,676,
Orleans Street,78228,"48 Maverick St. - Spot #1, 2,3, 4, 5 or #6",,676,
Orleans Street,78132,"77-85 Liverpool St. - Spot #3, 6, 7, 8, 9, or 10 only",,676,
Orleans Street,117797,81 chelsea lot,,,
Massachusetts Ave,51697,413 Massachusetts Ave. - Right Whole Tandem Row,,125,
Massachusetts Ave,96250,460 Massachusetts Ave. - Spot #1 Only,,125,
Massachusetts Ave,45063,461-471 Massachusetts Ave. - Alley Spots,,18,
Massachusetts Ave,87911,475 Massachusetts Ave - Alley Spot,,125,
Massachusetts Ave,21405,480 Massachusetts Ave. - Spot #2 Only,,125,
Massachusetts Ave,26584,486 Massachusetts Ave. - Spot #1,,125,
Massachusetts Ave,89236,669 Massachusetts Ave. - Spot #1 and #2,,125,
Massachusetts Ave,24637,670 Mass Ave. - Alley Spots,,125,
Massachusetts Ave,21868,279 Northampton St. - Spot# 3 or 4 ONLY,,125,
Massachusetts Ave,72816,277 Northampton St. - Spot #44 - 52,,125,
Massachusetts Ave,86352,588 Columbus Ave.- Left Spot Only,,,
Thatcher St. ,74730,"73 Thatcher St - Garage Spot #1, #3, or #4 Only",,,
Thatcher St. ,74467,73 Thatcher St. - Parallel Spot #2,,,
Thatcher St. ,74697,73 Thatcher St. - Parallel Spot #3 or #4,,,
Thatcher St. ,104762,73 Thatcher St. - Spot #1 Only,,,
Thatcher St. ,20149,"79 Thatcher St. (90 Thatcher St.) - Spots #1, 2, 3, or 4 Only",,,
Thatcher St. ,86028,76 Egmont St. - Spot #1 or #2 Only,,125,
Thatcher St. ,96015,319 St. Paul St. - Spot #3 or #4 Only,,125,
Queensberry Street,49125,56 Queensberry - Personal Spots #1-4,,125,
Queensberry Street,82320,"62 Queensberry St. - Spot #1, 2, or 5 Only",,125,
Queensberry Street,69385,66 Queensberry St. - Spot #1 or #2,,125,
Park Drive,27874,"447 Park Drive - Spot #1, 2, 3 or 4 Only",,125,
Park Drive,26880,448 Park Drive - Spot #3,,125,
Park Drive,23052,451 Park Dr. - Spot #3 or 6 ONLY - Alley Entrance,,125,
Park Drive,28761,461 Park Drive - Parallel Spot - Alley Entrance,,125,
Park Drive,28035,463 Park Drive - Compact Spot #1,,125,
Park Drive,27870,463 Park Drive - Parallel Spot #2 - Alley Entrance,,125,
Park Drive,24640,61 Park Dr. - Spot G,,125,
Park Drive,24507,15 Aberdeen St. - Spot #9 - Alley Entrance,,125,
Park Drive,24448,15-17 Aberdeen St. - Spots #3 or 6 ONLY - Alley Entrance,,20,
Fenway,29062,80 Fenway - Angle Parking,,125,
Fenway,81792,84 Fenway - Spot #5 only,,125,
Fenway,49089,84 Fenway - Alley Spots,,125,
Keswick,87263,15 Keswick St. - Spot #1 or 2 Only - Alley Entrance,,125,
Keswick,85596,14 Keswick St. - Spot #3 only,,125,
Summit Ave,87013,"309 Summit Ave. - Angle Parking Spot #4, 5 or 6",,13,
Summit Ave,89237,287 Summit Ave. - Driveway Spot,,13,
Summit Ave,100404,"305 Summit Ave - Spot #7, 8, 9, 13 or 14 Only",,13,
Bay State Rd,88199,"12 Bay State Rd. - Spot #3, 4, 5, 6, 7, 8 or 9 Only",,125,
Bay State Rd,29821,27 Bay State Rd - Whole Tandem Row - Lot,,125,
Bay State Rd,26487,39 Bay State Rd. - Spot #P6 or #P7,,125,
Bay State Rd,28074,41- 43 Bay State Rd. - Alley Spots,,125,
Bay State Rd,29191,"27 Back St. - Spots 1, 2, or 3",,125,
Saint Paul St,85392,102 Sewall Ave. - Spot #27 Only,,125,
Saint Paul St,118325,"83 Longwood Ave. - Parallel Spots #1, 2, or 3 Only",,125,
Saint Paul St,26257,"180 Saint Paul St. - Spot #1, 3 or 5 ONLY",,125,
Saint Paul St,26258,180 Saint Paul St. - Spot #6,,125,
Saint Paul St,67272,1318 Beacon St. - Lot,,125,
Saint Paul St,100272,112 Longwood Ave. - Spot #16 outdoor or Garage #5 Only,,125,
Green Street,27210,"210 Green St. - Spot #1, 2, 3 or 4 Only",,125,
Green Street,24440,8 Douglass St. - Spots #1 or 2,,,
Green Street,87674,"355 Green St. - Spot #1, #2 ,#3 ,#4 or #5 only",,125,
Green Street,97205,45 River St. - Spot #1 Only,,,
Marlborough St.,90079,387 Marlborough St. - Spot #1 Only,,125,
Marlborough St.,85332,477 Beacon St. - Left or Right Spot Only,,125,
Marlborough St.,108788,31 Massachusetts Ave. - Whole Tandem Row,,125,
Marlborough St.,30712,509 Beacon St. - Left and Right Whole Tandem Row,,125,
Calumet St.,24415,"128 Hillside St. - Spots #1, 2, or 3",,125,
Calumet St.,41433,"120 Hillside Street, Boston, MA 02120",,125,
Calumet St.,85136,148 Hillside St. - Lot,,125,
Calumet St.,85128,"23 Iroquois St.- Garage Spot #1, #4 and #5 or Spot #3 Outdoor Spot",,,
Calumet St.,86002,"89 Hillside St. - Spots #2, 3 or 4 Only",,125,
Calumet St.,27276,17 Iroquois St. - Spots #6 & 7,,125,
Calumet St.,100900,"149-151 Calumet St. - Spot #1, 2, 3 or 4 Only",,125,
Calumet St.,24410,21 Iroquois St. - Spot #1-4,,125,
Calumet St.,24411,37 Hillside St. - Spot #1 or 2,,125,
Calumet St.,106740,256 Parker Hill Ave. - Lot,,125,
Calumet St.,85692,"274 Parker Hill Ave. - Garage Spot #1, #2 or #3 Only",,125,
Calumet St.,104629,275 Parker Hill Ave. - Spot #4 Only,,125,
Calumet St.,23225,17 Iroquois St. - Driveway Spot,,125,
Calumet St.,28101,17 Iroquois St - Spot #5,,125,
Calumet St.,46252,17 Iroquois St - Compact Only Spots,,125,
Hillside Street,103575,868 Huntington Ave. - Spot #2,1,125,
Hillside Street,69681,"11 Parker Hill Ave. - Spots #2, 3, 8, 9, or 12",4,125,
Hillside Street,20189,12 Shepherd Ave. - Spots #3-6,3,125,
Hillside Street,24450,"22 Parker Hill Ave. - Spots 1, 2, or 3",2,125,
Hillside Street,69615,"198 Hillside Street - Spots #2, 10, 13, 17 or 18 ONLY",2,125,
Hillside Street,106741,"9 Sunset St. - Spot #3, 4, 5, 6 Only",2,125,
Hillside Street,24444,15 Sunset St. - Spot #1-4,1,125,
Hillside Street,44899,"17 Sunset St. - Spots X, B, C, D or E only",2,125,
Hillside Street,85554,205 Hillside St.- Spot #3,1,125,
Hillside Street,24446,6 Mission St. - Spot #1 or 2,2,125,
Hillside Street,78030,40 Parker Hill Ave. - Spot #4 Only,,125,
Tremont,24452,14 Wigglesworth St. - Spot #1,,125,
Tremont,55458,4 Wigglesworth St - Spot #1 - Alley Entrance,,125,
Tremont,24441,1568 Tremont St. - Spot #1-3,,125,
Tremont,85950,"1550 Tremont St. - Spot #2, 3 or 4 Only",,125,
Tremont,34272,1467 Tremont St. - Spot 11 or 12,,125,
Tremont,93252,700 Parker St. - Spot #3 Only,,125,
Tremont,88202,2 Worthington St. - Left Spot Only,,125,
Tremont,130104,1 Terrace St. (1430 Tremont St.) - Spot #11 or #14 Only,,,
Tremont,140749,2 Worthington St. - Right Spot Only,,125,
