Username,Quantity,Status,Event Name,Event Date,Venue,City,State,Section,Row,Seats,Seat Type,Stock Type,Split Type,Internal Notes,Public Notes,Face,Total Cost,List,Inhand Date,Broadcast
steven-lawrence-3,10,,Ella Langley Parking,2026-09-12 7:01pm,Charleston Coliseum and Convention Center Parking,Charleston,WV,500 LEE ST. E.- 0.5 MILES,GA5,10-Jan,general_admission,pdf,any,,"PARKING PASS ONLY
0.5 MILES FROM VENUE",0,10.7,11,2026-09-11T19:01:00.000Z,Y
steven-lawrence-3,12,ACTIVE,James Taylor and His All-Star Band Parking,2026-09-15 7:31pm,Live Oak Bank Pavilion Parking,Wilmington,NC,321 N. FRONT ST- 0.6MILES,GA2,12-Jan,general_admission,pdf,any,,"Parking Pass Only
0.6miles from venue
Handicap Accessible",0,520.08,57,2026-09-14T19:31:00.000Z,Y
steven-lawrence-3,4,ACTIVE,Malcolm Todd Parking,ACTIVE2026-09-16 8:01pm,Red Hat Amphitheater Parking,Raleigh,NC,215 S. MCDOWELL ST.- 0.4 MILES,GA9,4-Jan,general_admission,pdf,any,,"PARKING PASS ONLY
0.4 MILES FROM VENUE",0,21.4,15,2026-09-15T20:01:00.000Z,Y
steven-lawrence-3,4,ACTIVE,Louder Than Life Music Festival (Thursday and Sunday) Parking,2026-09-17 12:30pm,Highland Festival Grounds at Kentucky Exposition Center Parking,Louisville,KY,THE SPARK BY HILTON LOUISVILLE PARKING.- 0.4 MILES,GA5,4-Jan,general_admission,pdf,any,,"THURSDAY AND SUNDAY ONLY
PARKING PASS ONLY
0.4 MILES FROM VENUE",0,65.2,34,2026-09-16T12:30:00.000Z,Y
steven-lawrence-3,4,ACTIVE,Brooks and Dunn Parking,2026-09-18 7:01pm,Charleston Coliseum and Convention Center Parking,Charleston,WV,810 WASHINGTON ST. LOT- 08 MILES,GA2,4-Jan,general_admission,pdf,any,,"Parking Pass Only
0.8 miles from venue",0,8.48,15,2026-09-17T19:01:00.000Z,Y
steven-lawrence-3,2,ACTIVE,Gorillaz Parking,2026-09-18 7:31pm,Kaseya Center Parking,Miami,FL,127 NE 11TH ST- 0.7 MILES,GA9,2-Jan,general_admission,pdf,any,,"PARKING PASS ONLY
0.7 MILES FROM VENUE",0,50,44,2026-09-17T19:31:00.000Z,Y
steven-lawrence-3,10,READY,Atsuko Okatsuka Parking,2026-09-19 7:01pm,Chicago Theatre Parking,Chicago,IL,80 N. FRANKLIN ST.-0.5 MILES,GA4,10-Jan,general_admission,pdf,any,,"PARKING PASS ONLY
0.5 MILES FROM VENUE",0,117.7,25,2026-09-18T19:01:00.000Z,N
steven-lawrence-3,10,ACTIVE,Atsuko Okatsuka Parking,2026-09-19 7:01pm,Chicago Theatre Parking,Chicago,IL,180 N. FRANKLIN ST.-0.5 MI AWAY,GA9,10-Jan,general_admission,pdf,any,,"parking pass only
0.5 miles from venue",0,117.7,28,2026-09-18T19:01:00.000Z,Y
steven-lawrence-3,4,ACTIVE,Tame Impala Parking,2026-09-19 7:01pm,Toyota Center - TX Parking,Houston,TX,ATHENS HOTEL & SUITES - 1308 CLAY ST GARAGE (0.1 MILES AWAY),GA4,4-Jan,general_admission,pdf,any,,"0.1 miles from venue
Parking pass only",0,80,38,2026-09-18T19:01:00.000Z,Y
steven-lawrence-3,9,ACTIVE,Theresa Caputo Parking,2026-09-20 7:01pm,Holland Performing Arts Center Parking,Omaha,NE,1909 DAVENPORT ST LOT- 0.7 MILES,GA3,9-Jan,general_admission,pdf,any,,"Parking Passes Only
0.7 miles from venue",0,117.81,25,2026-09-19T19:01:00.000Z,Y
steven-lawrence-3,4,ACTIVE,Tame Impala Parking,2026-09-20 7:01pm,Toyota Center - TX Parking,Houston,TX,ATHENS HOTEL & SUITES - 1308 CLAY ST GARAGE (0.1 MILES AWAY),GA2,4-Jan,general_admission,pdf,any,,"PARKING PASS ONLY
0.1 MILES FROM VENUE",0,80,38,2026-09-19T19:01:00.000Z,Y
steven-lawrence-3,19,ACTIVE,Weezer Parking,2026-09-20 7:01pm,Grand Casino Arena Parking,Saint Paul,MN,422 WABASHA ST. N LOT-0.4 MILES,GA6,19-Jan,general_admission,pdf,any,,"Parking Passes Only
0.4 miles from venue",0,100.7,19,2026-09-19T19:01:00.000Z,Y
steven-lawrence-3,18,ACTIVE,honestav Parking,2026-09-21 8:01pm,Stage AE Parking,Pittsburgh,PA,214 THIRD AVE- 0.9 MILES,GA5,18-Jan,general_admission,pdf,any,,"PARKING PASS ONLY
0.9 MILES FROM VENUE",0,209.88,22,2026-09-20T20:01:00.000Z,Y
steven-lawrence-3,8,ACTIVE,Mumford and Sons Parking,2026-09-22 7:31pm,Acrisure Amphitheater Parking,Grand Rapids,MI,29 PEARL ST. NW.- 0.7 MILES,GA2,8-Jan,general_admission,pdf,any,,"PARKING PASS ONLY
0.7 MILES FROM VENUE",0,64.4,20,2026-09-21T19:31:00.000Z,Y
steven-lawrence-3,4,ACTIVE,Bruno Mars Parking,2026-09-23 7:01pm,Alamodome Parking,San Antonio,TX,510 S. PRESA ST LOT-0.8MILES,GA9,4-Jan,general_admission,pdf,any,,"Parking Passes Only
0.8 miles from venue",0,46,24,2026-09-22T19:01:00.000Z,Y
steven-lawrence-3,5,ACTIVE,Wu Tang Clan Parking,2026-09-24 7:31pm,MidFlorida Credit Union Amphitheatre at the Florida State Fair Grounds Parking,Tampa,FL,LA QUINTA INN & SUITES- 0.7 MILES,GA3,5-Jan,general_admission,pdf,any,,"Parking pass only
0.7 miles from venue",0,36.75,22,2026-09-23T19:31:00.000Z,Y
steven-lawrence-3,4,ACTIVE,Bourbon and Beyond Festival (Thursday and Saturday) Parking,2026-09-24 11:59pm,Kentucky Exposition Center Parking,Louisville,KY,THE SPARK BY HILTON LOUISVILLE PARKING.- 0.4 MILES,GA5,4-Jan,general_admission,pdf,any,,"PARKING PASS ONLY
THURSDAY AND SATURDAY ONLY
0.4 MILES FROM VENUE",0,65.2,37,2026-09-23T23:59:00.000Z,Y
steven-lawrence-3,2,ACTIVE,2026 Bourbon and Beyond Festival - Friday Parking,2026-09-25 12:01pm,Kentucky Exposition Center Parking,Louisville,KY,THE SPARK BY HILTON LOUISVILLE PARKING.- 0.4 MILES,GA8,2-Jan,general_admission,pdf,any,,"PARKING PASS ONLY
FRIDAY PASS ONLY
0.4 MILES FROM VENUE",0,16.3,23,2026-09-24T12:01:00.000Z,Y
steven-lawrence-3,8,ACTIVE,Teddy Swims Parking,2026-09-26 7:01pm,Grand Casino Arena Parking,Saint Paul,MN,500 BROADWAY ST LOT - 1.0 MILES,GA9,8-Jan,general_admission,pdf,any,,"Parking Passes Only
1.0 miles away from venue",0,25.44,18,2026-09-25T19:01:00.000Z,Y
steven-lawrence-3,10,ACTIVE,Rod Wave Parking,2026-09-26 8:01pm,American Airlines Center - TX Parking,Dallas,TX,INSPIRATION LOT- 0.7 MILES FROM VENUE,GA2,10-Jan,general_admission,pdf,any,,"PARKING PASS ONLY
0.7 MILES FROM VENUE",0,57.3,20,2026-09-25T20:01:00.000Z,Y
steven-lawrence-3,1,ACTIVE,Usher and Chris Brown Parking,2026-09-29 7:01pm,State Farm Stadium Parking,Glendale,AZ,TANGER OUTLET LOT,GA7,1,general_admission,pdf,any,,"Parking pass only
0.4miles from venue",0,15,27,2026-09-28T19:01:00.000Z,Y
steven-lawrence-3,8,ACTIVE,Usher and Chris Brown Parking,2026-09-29 7:01pm,State Farm Stadium Parking,Glendale,AZ,6812 N. 95TH AVE LOT- 0.4 MILES,GA8,8-Jan,general_admission,pdf,any,,"Parking pass only
0.4 miles from venue",0,212,40,2026-09-28T19:01:00.000Z,Y
steven-lawrence-3,9,ACTIVE,Usher and Chris Brown Parking,2026-09-29 7:01pm,State Farm Stadium Parking,Glendale,AZ,6800 N. 95TH AVE LOT- 0.4 MILES,GA8,9-Jan,general_admission,pdf,any,,"PARKING PASSES ONLY
0.4 MILES FROM VENUE",0,143.1,29,2026-09-28T19:01:00.000Z,Y
steven-lawrence-3,10,ACTIVE,Aespa Parking,2026-09-29 8:01pm,American Airlines Center - TX Parking,Dallas,TX,INSPIRATION LOT- 0.7 MILES,GA8,10-Jan,general_admission,pdf,any,,"Parking Pass Only
0.7 miles from venue",0,57.3,19,2026-09-28T20:01:00.000Z,Y
steven-lawrence-3,7,ACTIVE,Brooks and Dunn Parking,2026-10-01 7:01pm,Paycom Center Parking,Oklahoma City,OK,517 W. RENO AVE LOT- 0.4 MILES,GA7,7-Jan,general_admission,pdf,any,,"Parking passes only
0.4 miles from venue",0,40.25,19,2026-09-30T19:01:00.000Z,Y
steven-lawrence-3,3,ACTIVE,Brooks and Dunn Parking,2026-10-01 7:01pm,Paycom Center Parking,Oklahoma City,OK,323 NW 4TH ST (0.8 MILES),GA4,3-Jan,general_admission,pdf,any,,"PARKING PASS ONLY
0.8 MILES FROM VENUE",0,30,25,2026-09-30T19:01:00.000Z,Y
steven-lawrence-3,4,READY,Sombr Parking,2026-10-01 7:01pm,Climate Pledge Arena Parking,Seattle,WA,330 DEXTER AVE. N LOT  (0.7 MILES),0,4-Jan,general_admission,pdf,any,,"PARKING PASS ONLY
0.7 MILES FROM VENUE",0,23.96,20,2026-09-30T19:01:00.000Z,Y
steven-lawrence-3,9,ACTIVE,Don Omar Parking,2026-10-01 8:01pm,American Airlines Center - TX Parking,Dallas,TX,INSPIRATION LOT- 0.7 MILES,GA6,9-Jan,general_admission,pdf,any,,"Parking pass only
0.7 miles from venue",0,51.57,17,2026-09-30T20:01:00.000Z,Y
steven-lawrence-3,15,ACTIVE,Bert Kreischer Parking,2026-10-03 7:01pm,Rocket Arena Parking,Cleveland,OH,1514 HAMILTON AVE. (LOT 8013) - 0.9 MILES,GA4,15-Jan,general_admission,pdf,any,,"Parking pass only
0.9 miles from venue",0,48.15,14,2026-10-02T19:01:00.000Z,Y
steven-lawrence-3,2,READY,Auburn Tigers at Tennessee Vols Football Parking,2026-10-03 11:59pm,Neyland Stadium Parking,Knoxville,TN,2001 CLINCH AVE - BLACK LOT (1.0 MILES FROM VENUE),0,2-Jan,general_admission,pdf,any,,"1.0 MILES FROM VENUE
PARKING PASS ONLY",0,22,27,2026-10-02T23:59:00.000Z,Y
steven-lawrence-3,7,ACTIVE,Journey Parking,2026-10-04 7:31pm,Grand Casino Arena Parking,Saint Paul,MN,500 BROADWAY ST- 1.0 MILES,GA8,7-Jan,general_admission,pdf,any,,"Parking pass only
1.0 miles from venue",0,22.47,15,2026-10-03T19:31:00.000Z,Y
steven-lawrence-3,5,ACTIVE,Sombr Parking,2026-10-07 7:01pm,SAP Center Parking,San Jose,CA,225 W. SANTA CLARA ST. GARAGE- 0.4 MILE,GA9,5-Jan,general_admission,pdf,any,,"Parking Passes Only
0.4 miles from venue",0,60.7,26,2026-10-06T19:01:00.000Z,Y
steven-lawrence-3,7,ACTIVE,Bring Me the Horizon Parking,2026-10-08 7:01pm,Van Andel Arena Parking,Grand Rapids,MI,GOLDEN SAINT PARKING LOT - 1.0 MILES,GA4,7-Jan,general_admission,pdf,any,,"Parking pass only
1.0 miles from venue",0,91.63,24,2026-10-07T19:01:00.000Z,Y
steven-lawrence-3,8,ACTIVE,Five Finger Death Punch Parking,2026-10-10 6:46pm,MidFlorida Credit Union Amphitheatre at the Florida State Fair Grounds Parking,Tampa,FL,LA QUINTA INN - 4811-US 301 N (0.7 MILES AWAY),GA9,8-Jan,general_admission,pdf,any,,"PARKING PASS ONLY
0.7 MILES FROM VENUE",0,56,22,2026-10-09T18:46:00.000Z,Y
steven-lawrence-3,9,ACTIVE,Usher and Chris Brown Parking,2026-10-10 7:01pm,Reliant Stadium Parking,Houston,TX,2616 S. LOOP W - 0.9 MILES,GA2,9-Jan,general_admission,pdf,any,,"Parking passes only
0.9 miles from venue",0,196.29,34,2026-10-09T19:01:00.000Z,Y
steven-lawrence-3,9,ACTIVE,Bruno Mars Parking,2026-10-11 7:01pm,Levi's Stadium Parking,Santa Clara,CA,2953 BUNKER HILL LN LOT-0.7MILES,GA7,9-Jan,general_admission,pdf,any,,"Parking Pass Only
0.7 miles from venue",0,417.6,58,2026-10-10T19:01:00.000Z,Y
steven-lawrence-3,10,ACTIVE,Kacey Musgraves Parking,2026-10-11 7:31pm,American Airlines Center - TX Parking,Dallas,TX,INSPIRATION LOT-0.7 MILES,GA6,10-Jan,general_admission,pdf,any,,"Parking pass only
0.7 miles from venue",0,57.3,17,2026-10-10T19:31:00.000Z,Y
steven-lawrence-3,8,ACTIVE,Sombr Parking,2026-10-13 7:31pm,Pechanga Arena Parking,San Diego,CA,2771 KURTZ ST LOT-  0.7 MILES,GA7,8-Jan,general_admission,pdf,any,,"Handicap Accessible
Parking pass only
0.7 miles from venue",0,160,32,2026-10-12T19:31:00.000Z,Y
steven-lawrence-3,7,ACTIVE,Clint Black Parking,2026-10-15 7:01pm,Louisville Palace Parking,Louisville,KY,320 W BROADWAY - HEYBURN LOT- 0.2 MILES,GA8,7-Jan,general_admission,pdf,any,,"PARKING PASS ONLY
0.2 MILES FROM VENUE",0,59.36,23,2026-10-14T19:01:00.000Z,Y
steven-lawrence-3,9,ACTIVE,Weezer Parking,2026-10-16 7:01pm,Toyota Center - TX Parking,Houston,TX,LEELAND (1515 SAN JACINTO STREET)- 0.3 MILES,GA3,9-Jan,general_admission,pdf,any,,"Parking Passes Only
0.3 miles from venue",0,190.8,36,2026-10-15T19:01:00.000Z,Y
steven-lawrence-3,2,READY,Weezer Parking,2026-10-16 7:01pm,Toyota Center - TX Parking,Houston,TX,ATHENS HOTEL & SUITES - 1308 CLAY ST GARAGE-0.3 MILES FROM VENUE,0,2-Jan,general_admission,pdf,any,,"PARKING PASS ONLY
0.3 MILES FROM VENUE",0,40,38,2026-10-15T19:01:00.000Z,Y
steven-lawrence-3,8,ACTIVE,Weezer Parking,2026-10-17 7:01pm,American Airlines Center - TX Parking,Dallas,TX,INSPIRATION LOT-0.7 MILES,GA4,8-Jan,general_admission,pdf,any,,"Parking Pass Only
0.7 miles from venue",0,45.84,16,2026-10-16T19:01:00.000Z,Y
steven-lawrence-3,8,ACTIVE,Olivia Rodrigo Parking,2026-10-17 7:01pm,TD Garden Parking,Boston,MA,GOVERNMENT CENTER GARAGE - 0.5 MILES,GA4,8-Jan,general_admission,pdf,any,,"Parking Pass Only
0.5 miles from venue",0,308,57,2026-10-16T19:01:00.000Z,Y
steven-lawrence-3,7,ACTIVE,Journey Parking,2026-10-17 7:31pm,Kia Center Parking,Orlando,FL,20 N. ORANGE AVE. SURFACE LOT - 0.4 MILES,GA7,7-Jan,general_admission,pdf,any,,"0.4 miles from venue
Parking pass only",0,74.9,23,2026-10-16T19:31:00.000Z,Y
steven-lawrence-3,10,ACTIVE,Charli XCX Parking,2026-10-17 8:01pm,Kia Forum Parking,Inglewood,CA,323 N. PRAIRIE AVE.- 0.6 MILES AWAY,GA6,10-Jan,general_admission,pdf,any,,"PARKING PASS ONLY
0.6 MILES FROM VENUE",0,175.5,35,2026-10-16T20:01:00.000Z,Y
steven-lawrence-3,20,ACTIVE,Olivia Rodrigo Parking,2026-10-18 7:01pm,TD Garden Parking,Boston,MA,SANOFI PARKING @ CAMBRIDGESIDE GALLERIA - 1.0 MI AWAY,GA8,20-Jan,general_admission,pdf,any,,"Parking pass only
1.0 miles from venue",0,110,18,2026-10-17T19:01:00.000Z,Y
steven-lawrence-3,10,ACTIVE,Charli XCX Parking,2026-10-21 8:01pm,Desert Diamond Arena Parking,Glendale,AZ,6800 N. 95TH AVE.-0.3 MILES,GA4,10-Jan,general_admission,pdf,any,,"PARKING PASS ONLY
0.3 MILES FROM VENUE",0,160.5,33,2026-10-20T20:01:00.000Z,Y
steven-lawrence-3,10,ACTIVE,Charli XCX Parking,2026-10-21 8:01pm,Desert Diamond Arena Parking,Glendale,AZ,6812 N. 95TH AVE.- 0.4 MILES,GA4,10-Jan,general_admission,pdf,any,,"PARKING PASS ONLY
0.4 MILES FROM VENUE",0,267.5,46,2026-10-20T20:01:00.000Z,Y
steven-lawrence-3,8,ACTIVE,Malcolm Todd Parking,2026-10-21 8:01pm,Fox Theater Oakland Parking,Oakland,CA,1440 HARRISON ST. LOT  - 0.5 MILES,GA5,8-Jan,general_admission,pdf,any,,"PARKING PASS ONLY
0.5 MILES FROM VENUE",0,42.8,20,2026-10-20T20:01:00.000Z,Y
steven-lawrence-3,5,ACTIVE,WORSHIP Parking,2026-10-23 7:01pm,Kia Forum Parking,Inglewood,CA,323 N. PRAIRIE AVE. GARAGE - 0.6 MILES,GA9,5-Jan,general_admission,pdf,any,,"PARKING PASS ONLY
0.6 MILES FROM VENUE",0,87.75,35,2026-10-22T19:01:00.000Z,Y
steven-lawrence-3,3,ACTIVE,Ole 60 Parking,2026-10-23 7:01pm,First Security Amphitheatre Parking,Little Rock,AR,THAXTON LOT - 615 SCOTT ST.-0.7 MILES,GA8,3-Jan,general_admission,pdf,any,,"PARKING PASS ONLY
0.7 MILES FROM VENUE",0,10.98,18,2026-10-22T19:01:00.000Z,Y
steven-lawrence-3,17,ACTIVE,Malcolm Todd Parking,2026-10-24 8:01pm,PETCO Park Parking,San Diego,CA,1136 C ST.- 0.7 MILES,GA3,17-Jan,general_admission,pdf,any,,0.7 MILES FROM VENUE Parking pass only.,0,90.95,20,2026-10-23T20:01:00.000Z,Y
steven-lawrence-3,4,ACTIVE,Sombr Parking,2026-10-25 7:01pm,Kia Center Parking,Orlando,FL,PLAZA PARKING GARAGE ORLANDO- 0.4 MILES,GA9,4-Jan,general_admission,pdf,any,,"Parking Pass Only
0.4 miles from venue",0,39.6,22,2026-10-24T19:01:00.000Z,Y
steven-lawrence-3,10,ACTIVE,Sombr Parking,2026-10-25 7:01pm,Kia Center Parking,Orlando,FL,51 W. CENTRAL BLVD.- 0.4 MILES,GA9,10-Jan,general_admission,pdf,any,,"Parking passes only
0.4 miles away from venue",0,106,23,2026-10-24T19:01:00.000Z,Y
steven-lawrence-3,3,READY,Teddy Swims Parking,2026-10-27 7:01pm,Toyota Center - TX Parking,Houston,TX,ATHENS HOTEL & SUITES - 1308 CLAY ST GARAGE (0.3 MILES),0,3-Jan,general_admission,pdf,any,,"parking pass onlyÂ´
0.3 miles from venue",0,45,32,2026-10-26T19:01:00.000Z,Y
steven-lawrence-3,20,ACTIVE,Young Miko Parking,2026-10-29 8:01pm,Kia Center Parking,Orlando,FL,20 N. ORANGE AVE. SURFACE LOT -0.4 MIL4E,GA4,20-Jan,general_admission,pdf,any,,"Parking pass only
0.4 miles from venue",0,212,22,2026-10-28T20:01:00.000Z,Y
steven-lawrence-3,9,ACTIVE,Sombr Parking,2026-10-31 7:01pm,T-Mobile Center Parking,Kansas City,MO,1200 OAK ST- 0.1 MILES,GA3,9-Jan,general_admission,pdf,any,,"PARKING PASS ONLY
0.1 MILES FROM VENUE",0,62.01,18,2026-10-30T19:01:00.000Z,Y
steven-lawrence-3,10,ACTIVE,Young Miko Parking,2026-10-31 8:01pm,State Farm Arena Parking,Atlanta,GA,305 WILLIAMS ST. NW LOT- 0.7 MILES,GA6,10-Jan,general_admission,pdf,any,,"Parking pass only
0.7 miles from venue",0,162.4,30,2026-10-30T20:01:00.000Z,Y
steven-lawrence-3,10,ACTIVE,Sombr Parking,2026-11-01 7:01pm,Target Center Parking,Minneapolis,MN,811 LASALLE AVE. - 0.3 MILES,GA4,10-Jan,general_admission,pdf,any,,"Parking pass only
0.3 miles from venue",0,74.2,21,2026-10-31T19:01:00.000Z,Y
steven-lawrence-3,5,READY,Sombr Parking,2026-11-01 7:01pm,Target Center Parking,Minneapolis,MN,800 S MARQUETTE AVE.GENERAL.- 0.4 MILES,0,5-Jan,general_admission,pdf,any,,"PARKING PASS ONLY
0.4 MILES FROM VENUE",0,30,20,2026-10-31T19:01:00.000Z,Y
steven-lawrence-3,5,READY,Sombr Parking,2026-11-01 7:01pm,Target Center Parking,Minneapolis,MN,241 N 5TH AVE.- 0.6 MILES FROM VENUE,0,5-Jan,general_admission,pdf,any,,"0.6 miles from venue
parking pass only",0,30,20,2026-10-31T19:01:00.000Z,Y
steven-lawrence-3,10,ACTIVE,Rod Wave Parking,2026-11-03 8:01pm,Spectrum Center Parking,Charlotte,NC,BOA - 225 E. 6TH ST. GARAGE.- 0.1 MILES AWAY,GA3,10-Jan,general_admission,pdf,any,,"PARKING PASS ONLY
0.1 MILES FROM VENUE",0,81,23,2026-11-02T20:01:00.000Z,Y
steven-lawrence-3,12,ACTIVE,The Red Clay Strays Parking,2026-11-05 6:31pm,Raising Canes River Center Arena Parking,Baton Rouge,LA,829 ST. PHILIP ST -0.3MILES,GA6,12-Jan,general_admission,pdf,any,,"Parking pass only
0.3miles from venue",0,135.36,23,2026-11-04T18:31:00.000Z,Y
steven-lawrence-3,18,READY,The Red Clay Strays Parking,2026-11-05 6:31pm,Raising Canes River Center Arena Parking,Baton Rouge,LA,829 ST. PHILIP ST - 0.3 MILES FROM VENUE,0,18-Jan,general_admission,pdf,any,,"Parking pass only
0.3 miles from venue",0,203.04,24,2026-11-04T18:31:00.000Z,N
steven-lawrence-3,27,ACTIVE,Usher and Chris Brown Parking,2026-11-10 7:01pm,Mercedes-Benz Stadium Parking,Atlanta,GA,236 WILLIAMS ST. LOT - 0.7 MILES,GA5,27-Jan,general_admission,pdf,any,,"Parking Pass Only
0.7 miles from venue",0,572.4,37,2026-11-09T19:01:00.000Z,Y
steven-lawrence-3,1,ACTIVE,Usher and Chris Brown Parking,2026-11-10 7:01pm,Mercedes-Benz Stadium Parking,Atlanta,GA,75 M.L.K. JR. DR. SW. GARAGE - 0.8 MILES,GA5,1,general_admission,pdf,any,,"Parking pass only
0.8 miles from venue",0,9.28,22,2026-11-09T19:01:00.000Z,Y
steven-lawrence-3,6,ACTIVE,Sabaton Parking,2026-11-12 7:01pm,Hollywood Palladium Parking,Los Angeles,CA,6272 DE LONGPRE AVE (0.3 MILES AWAY),GA6,6-Jan,general_admission,pdf,any,,"PARKING PASS ONLY
0.3 MILES FROM VENUE",0,30.9,20,2026-11-11T19:01:00.000Z,Y
steven-lawrence-3,1,READY,Usher and Chris Brown Parking,2026-11-20 7:01pm,Caesars Superdome Parking,New Orleans,LA,300 LASALLE ST (0.3 MILES FROM VENUE),0,1,general_admission,pdf,any,,"0.3 MILES FROM VENUE
PARKING PASS ONLY",0,16.16,33,2026-11-19T19:01:00.000Z,Y
steven-lawrence-3,9,ACTIVE,St. Pete Country Fest Parking - Friday,2026-11-20 11:59pm,Vinoy Park Parking,Saint Petersburg,FL,PLAZA TOWER AND COURTYARD SHOPS GARAGE,GA9,9-Jan,general_admission,pdf,any,,"0.5 miles from venue
Parking Pass Only",0,190.8,37,2026-11-19T23:59:00.000Z,Y
steven-lawrence-3,5,ACTIVE,Katseye Parking,2026-11-21 8:01pm,Crypto.com Arena Parking,Los Angeles,CA,115 W. PICO BLVD. - 0.6 MILES,GA7,5-Jan,general_admission,pdf,any,,"PARKING PASS ONLY
0.6 MILES FROM VENUE",0,80.25,33,2026-11-20T20:01:00.000Z,Y
steven-lawrence-3,9,ACTIVE,Katseye Parking,2026-11-21 8:01pm,Crypto.com Arena Parking,Los Angeles,CA,725 S. GRAND AVE. - 0.8 MILES,GA8,9-Jan,general_admission,pdf,any,,"PARKING PASS ONLY 
0.8 MILES FROM VENUE",0,99.18,27,2026-11-20T20:01:00.000Z,Y
steven-lawrence-3,12,ACTIVE,Katseye Parking,2026-11-21 8:01pm,Crypto.com Arena Parking,Los Angeles,CA,945 W. 8TH ST. - 0.7 MI AWAY,GA4,12-Jan,general_admission,pdf,any,,"0.7 MILES FROM VENUE
PARKING PASS ONLY",0,166.92,30,2026-11-20T20:01:00.000Z,Y
steven-lawrence-3,10,ACTIVE,St. Pete Country Fest Parking - Saturday,2026-11-21 11:59pm,Vinoy Park Parking,Saint Petersburg,FL,150 2ND AVE. N.- 0.7 MILES FROM VENUE,GA8,10-Jan,general_admission,pdf,any,,"PARKING PASS ONLY
0.7 MILES FROM VENUE",0,181.9,36,2026-11-20T23:59:00.000Z,Y
steven-lawrence-3,2,ACTIVE,Third Day Parking,2026-11-22 7:01pm,Simmons Bank Arena Parking,North Little Rock,AR,350 MAPLE ST.- 0.4 MILES,GA4,2-Jan,general_admission,pdf,any,,"PARKING PASS ONLY 
0.4  MILES FROM VENUE",0,12.2,21,2026-11-21T19:01:00.000Z,Y
steven-lawrence-3,5,ACTIVE,National Finals Rodeo Parking,2026-12-03 5:46pm,Thomas and Mack Center Parking,Las Vegas,NV,5030 PARADISE RD. - 0.6 MILES,GA2,5-Jan,general_admission,pdf,any,,"PARKING PASS ONLY
0.6 MILES FROM VENUE",0,32.1,21,2026-12-02T17:46:00.000Z,Y
steven-lawrence-3,5,ACTIVE,National Finals Rodeo Parking,2026-12-04 5:46pm,Thomas and Mack Center Parking,Las Vegas,NV,5030 PARADISE RD. - 0.6 MILES,GA8,5-Jan,general_admission,pdf,any,,"PARKING PASS ONLY
0.6 MILES FROM VENUE",0,32.1,21,2026-12-03T17:46:00.000Z,Y
steven-lawrence-3,4,ACTIVE,National Finals Rodeo Parking,2026-12-05 5:46pm,Thomas and Mack Center Parking,Las Vegas,NV,5030 PARADISE RD. - 0.6 MILES,GA7,4-Jan,general_admission,pdf,any,,"PARKING PASS ONLY
0.6 MILES FROM VENUE",0,25.68,21,2026-12-04T17:46:00.000Z,Y
steven-lawrence-3,15,ACTIVE,Rawayana Parking,2026-12-05 8:01pm,Kaseya Center Parking,Miami,FL,610 NW 1ST CT .- 0.7 MILES AWAY,GA7,15-Jan,general_admission,pdf,any,,"0.7 MILES FROM VENUE
16-MINUTE WALKING TO THE VENUE
PARKING PASS ONLY",0,168.75,27,2026-12-04T20:01:00.000Z,Y
steven-lawrence-3,10,ACTIVE,Rawayana Parking,2026-12-05 8:01pm,Kaseya Center Parking,Miami,FL,610 NW 1ST CT .- 0.7 MILES,GA7,10-Jan,general_admission,pdf,any,,"Parking pass only
0.7 miles from venue",0,112.5,27,2026-12-04T20:01:00.000Z,Y
steven-lawrence-3,10,ACTIVE,Rawayana Parking,2026-12-05 8:01pm,Kaseya Center Parking,Miami,FL,105 NE 3RD AVE- 0.6 MILES,GA7,10-Jan,general_admission,pdf,any,,"PARKING PASS ONLY
0.6 MILES FROM VENUE",0,154.5,32,2026-12-04T20:01:00.000Z,Y
steven-lawrence-3,5,ACTIVE,National Finals Rodeo Parking,2026-12-06 5:46pm,Thomas and Mack Center Parking,Las Vegas,NV,5030 PARADISE RD. - 0.6 MILES,GA4,5-Jan,general_admission,pdf,any,,"PARKING PASS ONLYÂ´
0.6 MILES FROM VENUE",0,32.1,21,2026-12-05T17:46:00.000Z,Y
steven-lawrence-3,5,ACTIVE,National Finals Rodeo Parking,2026-12-07 5:46pm,Thomas and Mack Center Parking,Las Vegas,NV,5030 PARADISE RD. - 0.6 MILES,GA5,5-Jan,general_admission,pdf,any,,"PARKING PASS ONLY
0.6 MILES FROM VENUE",0,32.1,21,2026-12-06T17:46:00.000Z,Y
steven-lawrence-3,5,ACTIVE,National Finals Rodeo Parking,2026-12-08 5:46pm,Thomas and Mack Center Parking,Las Vegas,NV,5030 PARADISE RD. - 0.6 MILES,GA9,5-Jan,general_admission,pdf,any,,"PARKING PASS ONLY
0.6 MILES FROM VENUE",0,32.1,21,2026-12-07T17:46:00.000Z,Y
steven-lawrence-3,5,ACTIVE,National Finals Rodeo Parking,2026-12-09 5:46pm,Thomas and Mack Center Parking,Las Vegas,NV,5030 PARADISE RD. - 0.6 MILES,GA6,5-Jan,general_admission,pdf,any,,"PARKING PASS ONLY
0.6 MILES FROM VENUE",0,32.1,21,2026-12-08T17:46:00.000Z,Y
steven-lawrence-3,5,ACTIVE,National Finals Rodeo Parking,2026-12-10 5:46pm,Thomas and Mack Center Parking,Las Vegas,NV,5030 PARADISE RD. - 0.6 MILES,GA9,5-Jan,general_admission,pdf,any,,"PARKING PASS ONLY
0.6 MILES FROM VENUE",0,32.1,21,2026-12-09T17:46:00.000Z,Y
steven-lawrence-3,5,ACTIVE,National Finals Rodeo Parking,2026-12-11 5:46pm,Thomas and Mack Center Parking,Las Vegas,NV,5030 PARADISE RD. - 0.6 MILES,GA4,5-Jan,general_admission,pdf,any,,"PARKING PASS ONLY
0.6 MILES FROM VENUE",0,32.1,21,2026-12-10T17:46:00.000Z,Y
steven-lawrence-3,5,ACTIVE,National Finals Rodeo Parking,2026-12-12 5:46pm,Thomas and Mack Center Parking,Las Vegas,NV,5030 PARADISE RD. - 0.6 MILES,GA3,5-Jan,general_admission,pdf,any,,"PARKING PASS ONLY
0.6 MILES FROM VENUE",0,32.1,21,2026-12-11T17:46:00.000Z,Y
steven-lawrence-3,10,ACTIVE,David Bisbal Parking,2026-12-19 8:01pm,James Knight Center Parking,Miami,FL,(M) 29 NW 1ST ST. - CINDY LOT- 0.4 MILES,GA4,10-Jan,general_admission,pdf,any,,"PARKING PASS ONLY
0.4 MILES FROM VENUE",0,53,20,2026-12-18T20:01:00.000Z,Y
steven-lawrence-3,10,ACTIVE,Niall Horan Parking,2027-05-01 7:31pm,Toyota Center - TX Parking,Houston,TX,1400 TRAVIS ST. - 0.5 MILES,GA4,10-Jan,general_admission,pdf,any,,"PARKING PASS ONLY
0.5 MILES FROM VENUE",0,88,21,2027-04-30T19:31:00.000Z,Y
